{
    "value0": {
        "depth_parameters": {
            "fov_x": 504.3072509765625,
            "fov_y": 504.372314453125,
            "c_x": 316.6375732421875,
            "c_y": 329.3199157714844,
            "width": 640,
            "height": 576,
            "intrinsics_matrix": {
                "m00": 504.3072509765625,
                "m10": 0.0,
                "m20": 316.6375732421875,
                "m01": 0.0,
                "m11": 504.372314453125,
                "m21": 329.3199157714844,
                "m02": 0.0,
                "m12": 0.0,
                "m22": 1.0
            },
            "radial_distortion": {
                "m00": 1.4968044757843018,
                "m10": 0.9276407957077026,
                "m20": 0.05007588863372803,
                "m30": 1.8322062492370606,
                "m40": 1.3794686794281006,
                "m50": 0.26061612367630007
            },
            "tangential_distortion": {
                "m00": 0.000029333308702916839,
                "m10": -0.00002458233939250931
            }
        },
        "color_parameters": {
            "fov_x": 974.798828125,
            "fov_y": 974.7778930664063,
            "c_x": 1025.4942626953126,
            "c_y": 770.101806640625,
            "width": 2048,
            "height": 1536,
            "intrinsics_matrix": {
                "m00": 974.798828125,
                "m10": 0.0,
                "m20": 1025.4942626953126,
                "m01": 0.0,
                "m11": 974.7778930664063,
                "m21": 770.101806640625,
                "m02": 0.0,
                "m12": 0.0,
                "m22": 1.0
            },
            "radial_distortion": {
                "m00": 0.35156652331352236,
                "m10": -2.5676820278167726,
                "m20": 1.5334503650665284,
                "m30": 0.23172138631343842,
                "m40": -2.384003162384033,
                "m50": 1.4547629356384278
            },
            "tangential_distortion": {
                "m00": 0.0006100601167418063,
                "m10": -0.00013630540343001485
            }
        },
        "color2depth_transform": {
            "translation": {
                "m00": 0.032076042145490649,
                "m10": -0.002425983315333724,
                "m20": 0.0038255974650382997
            },
            "rotation": {
                "x": 0.04877130314707756,
                "y": -0.0009248623973689973,
                "z": 0.00019627621804829687,
                "w": 0.9988095164299011
            }
        },
        "camera_pose": {
            "translation": {
                "m00": -0.23234696686267854,
                "m10": 0.9454202055931091,
                "m20": 1.6722162961959839
            },
            "rotation": {
                "x": -0.03400901332497597,
                "y": -0.1586008220911026,
                "z": -0.007920831441879273,
                "w": 0.9867250919342041
            }
        },
        "is_valid": true
    }
}