{
    "value0": {
        "depth_parameters": {
            "fov_x": 503.7693786621094,
            "fov_y": 503.8271484375,
            "c_x": 321.62957763671877,
            "c_y": 337.27069091796877,
            "width": 640,
            "height": 576,
            "intrinsics_matrix": {
                "m00": 503.7693786621094,
                "m10": 0.0,
                "m20": 321.62957763671877,
                "m01": 0.0,
                "m11": 503.8271484375,
                "m21": 337.27069091796877,
                "m02": 0.0,
                "m12": 0.0,
                "m22": 1.0
            },
            "radial_distortion": {
                "m00": 3.344125509262085,
                "m10": 2.243053913116455,
                "m20": 0.11688562482595444,
                "m30": 3.6761481761932375,
                "m40": 3.334522008895874,
                "m50": 0.617035448551178
            },
            "tangential_distortion": {
                "m00": -0.00004153946792939678,
                "m10": 0.000013354886505112518
            }
        },
        "color_parameters": {
            "fov_x": 977.4889526367188,
            "fov_y": 977.0663452148438,
            "c_x": 1022.4581909179688,
            "c_y": 783.3505249023438,
            "width": 2048,
            "height": 1536,
            "intrinsics_matrix": {
                "m00": 977.4889526367188,
                "m10": 0.0,
                "m20": 1022.4581909179688,
                "m01": 0.0,
                "m11": 977.0663452148438,
                "m21": 783.3505249023438,
                "m02": 0.0,
                "m12": 0.0,
                "m22": 1.0
            },
            "radial_distortion": {
                "m00": 0.2992592751979828,
                "m10": -2.461026668548584,
                "m20": 1.4901362657546998,
                "m30": 0.18001048266887666,
                "m40": -2.278444290161133,
                "m50": 1.4115570783615113
            },
            "tangential_distortion": {
                "m00": 0.0011286251246929169,
                "m10": -0.0004451266140677035
            }
        },
        "color2depth_transform": {
            "translation": {
                "m00": 0.032027363777160647,
                "m10": -0.0024178994353860618,
                "m20": 0.0038603676948696377
            },
            "rotation": {
                "x": 0.05224990472197533,
                "y": -0.00043115607695654035,
                "z": -0.0005680100875906646,
                "w": 0.9986338019371033
            }
        },
        "camera_pose": {
            "translation": {
                "m00": 0.8678218722343445,
                "m10": 2.298574686050415,
                "m20": 0.36679431796073916
            },
            "rotation": {
                "x": -0.5245997309684753,
                "y": 0.0026340417098253967,
                "z": 0.004445269238203764,
                "w": 0.8513333201408386
            }
        },
        "is_valid": true
    }
}