{
    "value0": {
        "depth_parameters": {
            "fov_x": 504.1628723144531,
            "fov_y": 504.2680969238281,
            "c_x": 320.46075439453127,
            "c_y": 318.6775207519531,
            "width": 640,
            "height": 576,
            "intrinsics_matrix": {
                "m00": 504.1628723144531,
                "m10": 0.0,
                "m20": 320.46075439453127,
                "m01": 0.0,
                "m11": 504.2680969238281,
                "m21": 318.6775207519531,
                "m02": 0.0,
                "m12": 0.0,
                "m22": 1.0
            },
            "radial_distortion": {
                "m00": 0.5399256944656372,
                "m10": -0.01977606862783432,
                "m20": -0.0024208819959312679,
                "m30": 0.8825731873512268,
                "m40": 0.0848584920167923,
                "m50": -0.013063461519777775
            },
            "tangential_distortion": {
                "m00": -0.00005763826266047545,
                "m10": -0.000016032437997637318
            }
        },
        "color_parameters": {
            "fov_x": 974.8612670898438,
            "fov_y": 974.6845703125,
            "c_x": 1019.0274047851563,
            "c_y": 774.9847412109375,
            "width": 2048,
            "height": 1536,
            "intrinsics_matrix": {
                "m00": 974.8612670898438,
                "m10": 0.0,
                "m20": 1019.0274047851563,
                "m01": 0.0,
                "m11": 974.6845703125,
                "m21": 774.9847412109375,
                "m02": 0.0,
                "m12": 0.0,
                "m22": 1.0
            },
            "radial_distortion": {
                "m00": 0.05606808513402939,
                "m10": -2.5090858936309816,
                "m20": 1.6880042552947999,
                "m30": -0.06188281998038292,
                "m40": -2.303736686706543,
                "m50": 1.5898014307022095
            },
            "tangential_distortion": {
                "m00": 0.001080671208910644,
                "m10": -0.0005108762998133898
            }
        },
        "color2depth_transform": {
            "translation": {
                "m00": 0.0320466011762619,
                "m10": -0.0024872494395822288,
                "m20": 0.0038758546579629184
            },
            "rotation": {
                "x": 0.048562172800302508,
                "y": -0.0006181247881613672,
                "z": -0.004645531997084618,
                "w": 0.9988091588020325
            }
        },
        "camera_pose": {
            "translation": {
                "m00": 1.063040018081665,
                "m10": 2.3154499530792238,
                "m20": -0.14196300506591798
            },
            "rotation": {
                "x": -0.33473101258277895,
                "y": 0.6109449863433838,
                "z": 0.3582879900932312,
                "w": 0.6215559840202332
            }
        },
        "is_valid": true
    }
}