{
    "value0": {
        "depth_parameters": {
            "fov_x": 504.30816650390627,
            "fov_y": 504.4188232421875,
            "c_x": 325.74920654296877,
            "c_y": 328.3524475097656,
            "width": 640,
            "height": 576,
            "intrinsics_matrix": {
                "m00": 504.30816650390627,
                "m10": 0.0,
                "m20": 325.74920654296877,
                "m01": 0.0,
                "m11": 504.4188232421875,
                "m21": 328.3524475097656,
                "m02": 0.0,
                "m12": 0.0,
                "m22": 1.0
            },
            "radial_distortion": {
                "m00": 0.5288606286048889,
                "m10": 0.04445096477866173,
                "m20": 0.0019991076551377775,
                "m30": 0.8693134784698486,
                "m40": 0.15004225075244904,
                "m50": 0.008721314370632172
            },
            "tangential_distortion": {
                "m00": -0.000029329095923458227,
                "m10": -0.0001152827826444991
            }
        },
        "color_parameters": {
            "fov_x": 980.2613525390625,
            "fov_y": 980.2659301757813,
            "c_x": 1021.7696533203125,
            "c_y": 776.943115234375,
            "width": 2048,
            "height": 1536,
            "intrinsics_matrix": {
                "m00": 980.2613525390625,
                "m10": 0.0,
                "m20": 1021.7696533203125,
                "m01": 0.0,
                "m11": 980.2659301757813,
                "m21": 776.943115234375,
                "m02": 0.0,
                "m12": 0.0,
                "m22": 1.0
            },
            "radial_distortion": {
                "m00": 0.45059412717819216,
                "m10": -2.561475992202759,
                "m20": 1.4682167768478394,
                "m30": 0.33110228180885317,
                "m40": -2.3865323066711427,
                "m50": 1.3966948986053467
            },
            "tangential_distortion": {
                "m00": 0.00004827654629480094,
                "m10": -0.0003152726567350328
            }
        },
        "color2depth_transform": {
            "translation": {
                "m00": 0.03210562840104103,
                "m10": -0.0024905845057219269,
                "m20": 0.003752681892365217
            },
            "rotation": {
                "x": 0.04610351845622063,
                "y": -0.001078724511899054,
                "z": -0.00019292901561129838,
                "w": 0.998936116695404
            }
        },
        "camera_pose": {
            "translation": {
                "m00": 2.4319937229156496,
                "m10": 2.338487386703491,
                "m20": -2.421016216278076
            },
            "rotation": {
                "x": -0.17132523655891419,
                "y": 0.8436421751976013,
                "z": 0.3559458255767822,
                "w": 0.36361804604530337
            }
        },
        "is_valid": true
    }
}