{
    "value0": {
        "depth_parameters": {
            "fov_x": 503.4654846191406,
            "fov_y": 503.5262145996094,
            "c_x": 323.9571533203125,
            "c_y": 330.30328369140627,
            "width": 640,
            "height": 576,
            "intrinsics_matrix": {
                "m00": 503.4654846191406,
                "m10": 0.0,
                "m20": 323.9571533203125,
                "m01": 0.0,
                "m11": 503.5262145996094,
                "m21": 330.30328369140627,
                "m02": 0.0,
                "m12": 0.0,
                "m22": 1.0
            },
            "radial_distortion": {
                "m00": 1.2662922143936158,
                "m10": 0.8075271844863892,
                "m20": 0.04578705504536629,
                "m30": 1.602389931678772,
                "m40": 1.181136131286621,
                "m50": 0.23304471373558045
            },
            "tangential_distortion": {
                "m00": -0.000047082739911274987,
                "m10": -0.00007864783401601017
            }
        },
        "color_parameters": {
            "fov_x": 982.3515625,
            "fov_y": 981.7716064453125,
            "c_x": 1024.894775390625,
            "c_y": 772.996826171875,
            "width": 2048,
            "height": 1536,
            "intrinsics_matrix": {
                "m00": 982.3515625,
                "m10": 0.0,
                "m20": 1024.894775390625,
                "m01": 0.0,
                "m11": 981.7716064453125,
                "m21": 772.996826171875,
                "m02": 0.0,
                "m12": 0.0,
                "m22": 1.0
            },
            "radial_distortion": {
                "m00": 0.5452096462249756,
                "m10": -2.7149579524993898,
                "m20": 1.5293431282043458,
                "m30": 0.4224437177181244,
                "m40": -2.5349018573760988,
                "m50": 1.4560599327087403
            },
            "tangential_distortion": {
                "m00": 0.0005710491095669568,
                "m10": -0.0003764212888199836
            }
        },
        "color2depth_transform": {
            "translation": {
                "m00": 0.03208155930042267,
                "m10": -0.002446630271151662,
                "m20": 0.0038584470748901369
            },
            "rotation": {
                "x": 0.047769490629434589,
                "y": -0.0013980175135657192,
                "z": 0.0017748466925695539,
                "w": 0.9988558292388916
            }
        },
        "camera_pose": {
            "translation": {
                "m00": 0.8696407079696655,
                "m10": 2.316909074783325,
                "m20": -0.5755407214164734
            },
            "rotation": {
                "x": -0.011257659643888474,
                "y": 0.8503802418708801,
                "z": 0.526029646396637,
                "w": -0.004424366634339094
            }
        },
        "is_valid": true
    }
}