{
    "value0": {
        "depth_parameters": {
            "fov_x": 503.7164611816406,
            "fov_y": 503.93768310546877,
            "c_x": 322.19677734375,
            "c_y": 330.5686340332031,
            "width": 640,
            "height": 576,
            "intrinsics_matrix": {
                "m00": 503.7164611816406,
                "m10": 0.0,
                "m20": 322.19677734375,
                "m01": 0.0,
                "m11": 503.93768310546877,
                "m21": 330.5686340332031,
                "m02": 0.0,
                "m12": 0.0,
                "m22": 1.0
            },
            "radial_distortion": {
                "m00": 8.58104419708252,
                "m10": 5.4472479820251469,
                "m20": 0.26910409331321719,
                "m30": 8.904815673828125,
                "m40": 8.330106735229493,
                "m50": 1.445194125175476
            },
            "tangential_distortion": {
                "m00": 0.000028257447411306204,
                "m10": -0.00001821531623136252
            }
        },
        "color_parameters": {
            "fov_x": 981.4241943359375,
            "fov_y": 981.5575561523438,
            "c_x": 1015.6956787109375,
            "c_y": 777.1737060546875,
            "width": 2048,
            "height": 1536,
            "intrinsics_matrix": {
                "m00": 981.4241943359375,
                "m10": 0.0,
                "m20": 1015.6956787109375,
                "m01": 0.0,
                "m11": 981.5575561523438,
                "m21": 777.1737060546875,
                "m02": 0.0,
                "m12": 0.0,
                "m22": 1.0
            },
            "radial_distortion": {
                "m00": 0.3408622741699219,
                "m10": -2.512563467025757,
                "m20": 1.486587643623352,
                "m30": 0.22038456797599793,
                "m40": -2.328031539916992,
                "m50": 1.408342957496643
            },
            "tangential_distortion": {
                "m00": 0.00027990221860818565,
                "m10": -0.000342931249178946
            }
        },
        "color2depth_transform": {
            "translation": {
                "m00": 0.03212408348917961,
                "m10": -0.002512087346985936,
                "m20": 0.003824313636869192
            },
            "rotation": {
                "x": 0.04576795548200607,
                "y": 0.00015293870819732547,
                "z": -0.0028599656652659179,
                "w": 0.9989479780197144
            }
        },
        "camera_pose": {
            "translation": {
                "m00": -1.2101271152496338,
                "m10": 2.357598304748535,
                "m20": -1.4151967763900757
            },
            "rotation": {
                "x": 0.21217364072799684,
                "y": 0.8088715076446533,
                "z": 0.28052854537963869,
                "w": -0.4711824953556061
            }
        },
        "is_valid": true
    }
}