{
    "timestamps": "2022-08-31 17:26:37.723125935",
    "type": "m",
    "id": 301.0,
    "x": 21.8622,
    "y": 216.681,
    "z": 1830.51,
    "Rxx": -0.990279,
    "Rxy": -0.139094,
    "Rxz": 0.00104552,
    "Ryx": -0.127359,
    "Ryy": 0.909704,
    "Ryz": 0.395244,
    "Rzx": -0.0559271,
    "Rzy": 0.391268,
    "Rzz": -0.918576,
    "confidence": 0.0471276,
    "id_0": 2.0,
    "id_1": 1.0,
    "id_2": -1.0,
    "id_3": 3.0,
    "id_4": "NaN"
}