{
    "timestamps": "2022-08-31 17:27:29.856458902",
    "type": "m",
    "id": 301.0,
    "x": 21.8634,
    "y": 216.683,
    "z": 1830.51,
    "Rxx": -0.990266,
    "Rxy": -0.139186,
    "Rxz": 0.000939405,
    "Ryx": -0.12747,
    "Ryy": 0.909575,
    "Ryz": 0.395505,
    "Rzx": -0.0559033,
    "Rzy": 0.391535,
    "Rzz": -0.918463,
    "confidence": 0.0412492,
    "id_0": 2.0,
    "id_1": 1.0,
    "id_2": -1.0,
    "id_3": 3.0,
    "id_4": "NaN"
}